1784854855	esp32flight: interesting aircraft	SWORD1 (?) military, 65000 ft, 131.7 km away
1784856966	esp32flight: interesting aircraft	SWORD1 (?) military, 20775 ft, 139.5 km away
1784888578	esp32flight: interesting aircraft	CROSS88 (H60) military, 2100 ft, 126.2 km away
1784888578	esp32flight: interesting aircraft	TACO04 (PZ3T) military, 4100 ft, 126.7 km away
1784888578	esp32flight: interesting aircraft	EASY18 (H47) military, 3700 ft, 139.0 km away
1784888578	esp32flight: interesting aircraft	PLF110 (B738) military, 24000 ft, 139.5 km away
1784888578	esp32flight: interesting aircraft	PLF116 (M28) military, 10025 ft, 141.6 km away
1784888578	esp32flight: interesting aircraft	PROP01 (PZ3T) military, 7200 ft, 145.9 km away
1784888578	esp32flight: interesting aircraft	UAE65U (A388) watchlist, 40000 ft, 184.8 km away
1784888578	esp32flight: interesting aircraft	HAZE37 (H60) military, 1900 ft, 202.9 km away
1784889174	esp32flight: interesting aircraft	UAE65U (A388) watchlist, 40000 ft, 62.1 km away
1784889174	esp32flight: interesting aircraft	PLF116 (M28) military, 10000 ft, 112.2 km away
1784889174	esp32flight: interesting aircraft	CROSS88 (H60) military, 2050 ft, 120.8 km away
1784889174	esp32flight: interesting aircraft	EASY18 (H47) military, 3950 ft, 135.3 km away
1784889174	esp32flight: interesting aircraft	PROP01 (PZ3T) military, 8000 ft, 143.2 km away
1784889174	esp32flight: interesting aircraft	HAZE37 (H60) military, 600 ft, 192.9 km away
1784889174	esp32flight: interesting aircraft	PLF106 (GLF5) military, 33000 ft, 194.1 km away
1784889284	esp32flight: interesting aircraft	UAE65U (A388) watchlist, 40000 ft, 51.0 km away
1784889284	esp32flight: interesting aircraft	PLF116 (M28) military, 10025 ft, 108.3 km away
1784889284	esp32flight: interesting aircraft	CROSS88 (H60) military, 1650 ft, 123.3 km away
1784889284	esp32flight: interesting aircraft	EASY18 (H47) military, 3600 ft, 142.0 km away
1784889284	esp32flight: interesting aircraft	PROP01 (PZ3T) military, 9000 ft, 145.7 km away
1784889284	esp32flight: interesting aircraft	TACO04 (PZ3T) military, 3000 ft, 148.4 km away
1784889284	esp32flight: interesting aircraft	PLF106 (GLF5) military, 33000 ft, 166.6 km away
1784889284	esp32flight: interesting aircraft	HAZE37 (H60) military, 288 ft, 194.5 km away
1784889336	esp32flight: interesting aircraft	UAE65U (A388) watchlist, 40000 ft, 49.6 km away
1784889336	esp32flight: interesting aircraft	PLF116 (M28) military, 10000 ft, 106.7 km away
1784889336	esp32flight: interesting aircraft	CROSS88 (H60) military, 1450 ft, 124.7 km away
1784889336	esp32flight: interesting aircraft	EASY18 (H47) military, 3450 ft, 144.7 km away
1784889336	esp32flight: interesting aircraft	TACO04 (PZ3T) military, 3000 ft, 145.0 km away
1784889336	esp32flight: interesting aircraft	PROP01 (PZ3T) military, 8300 ft, 148.4 km away
1784889336	esp32flight: interesting aircraft	PLF106 (GLF5) military, 33000 ft, 154.0 km away
1784889336	esp32flight: interesting aircraft	HAZE37 (H60) military, 288 ft, 194.5 km away
1784929369	esp32flight: interesting aircraft	SWORD02 (?) military, 32375 ft, 106.7 km away
1784929403	esp32flight: interesting aircraft	SWORD02 (?) military, 32875 ft, 106.2 km away
1784929551	esp32flight: interesting aircraft	SWORD02 (?) military, 35100 ft, 103.9 km away
1784930545	esp32flight: interesting aircraft	SWORD02 (?) military, 48750 ft, 94.8 km away
1784930580	esp32flight: interesting aircraft	SWORD02 (?) military, 49200 ft, 94.7 km away
1784930951	esp32flight: interesting aircraft	SWORD02 (?) military, 54100 ft, 93.5 km away
1784930985	esp32flight: interesting aircraft	SWORD02 (?) military, 54600 ft, 93.5 km away
1784931509	esp32flight: interesting aircraft	SWORD02 (?) military, 61100 ft, 92.9 km away
1784931544	esp32flight: interesting aircraft	SWORD02 (?) military, 61500 ft, 92.8 km away
1784931692	esp32flight: interesting aircraft	SWORD02 (?) military, 63100 ft, 93.2 km away
1784931750	esp32flight: interesting aircraft	SWORD02 (?) military, 63700 ft, 93.2 km away
1784932407	esp32flight: interesting aircraft	SWORD02 (?) military, 66100 ft, 97.2 km away
1784932441	esp32flight: interesting aircraft	SWORD02 (?) military, 66100 ft, 97.4 km away
1784933815	esp32flight: interesting aircraft	SWORD02 (?) military, 65800 ft, 107.2 km away
1784933934	esp32flight: interesting aircraft	SWORD02 (?) military, 65700 ft, 107.8 km away
1784934009	esp32flight: interesting aircraft	SWORD02 (?) military, 65600 ft, 108.0 km away
1784971348	esp32flight: interesting aircraft	DLH3CF (B744) watchlist, 32000 ft, 10.0 km away
1784971348	esp32flight: interesting aircraft	BAW8K (A388) watchlist, 1425 ft, 14.8 km away
1784971348	esp32flight: interesting aircraft	CHG561 (B744) watchlist, 32000 ft, 15.0 km away
1784971411	esp32flight: interesting aircraft	CHG561 (B744) watchlist, 32000 ft, 6.5 km away
1784971411	esp32flight: interesting aircraft	BAW8K (A388) watchlist, 700 ft, 18.8 km away
1784971411	esp32flight: interesting aircraft	DLH3CF (B744) watchlist, 32000 ft, 25.0 km away
1784973683	esp32flight: interesting aircraft	GTI8576 (B744) watchlist, 7175 ft, 61.9 km away
1784973745	esp32flight: interesting aircraft	GTI8576 (B744) watchlist, 7175 ft, 54.5 km away
1784978683	esp32flight: interesting aircraft	48d824 (AN28) military, 3000 ft, 63.6 km away
1784978683	esp32flight: interesting aircraft	UAE51N (A388) watchlist, 36000 ft, 76.0 km away
1784978727	esp32flight: interesting aircraft	48d824 (AN28) military, 3000 ft, 66.3 km away
1784978727	esp32flight: interesting aircraft	UAE51N (A388) watchlist, 36000 ft, 68.2 km away
1784978774	esp32flight: interesting aircraft	UAE51N (A388) watchlist, 36000 ft, 61.3 km away
1784978774	esp32flight: interesting aircraft	48d824 (AN28) military, 3100 ft, 68.9 km away
1784979340	esp32flight: interesting aircraft	UAE83M (A388) watchlist, 36000 ft, 174.7 km away
1784979378	esp32flight: interesting aircraft	UAE83M (A388) watchlist, 36000 ft, 182.2 km away
1784980126	esp32flight: interesting aircraft	RRR6988 (C17) military, 35000 ft, 22.0 km away
1784980126	esp32flight: interesting aircraft	UAE72V (A388) watchlist, 1425 ft, 42.6 km away
1784980126	esp32flight: interesting aircraft	QTR003 (A388) watchlist, 9000 ft, 50.1 km away
1784984925	esp32flight: interesting aircraft	@@@@@@@@ (AN28) military, 3600 ft, 59.7 km away
1784986396	esp32flight: interesting aircraft	48d824 (AN28) military, 2900 ft, 53.8 km away
