1784850376	4892c6	ENT3GX	B38M	-
1784850376	45d068	VKG755	A321	-
1784850376	48c2b1	RYR49BG	B38M	-
1784850473	4892c6	ENT3GX	B38M	-
1784850473	45d068	VKG755	A321	-
1784850473	48c2b1	RYR49BG	B38M	-
1784854855	4bce14	SXS2FZ	B738	-
1784854855	af4efd	SWORD1	-	-
1784854855	471dc0	WZZ16EL	A21N	-
1784854855	440bc4	BCS3AL	B752	-
1784854855	505f15	ENT4170	B738	-
1784854855	461f50	FIN132	A359	-
1784854855	48c122	RYS3077	B738	-
1784854855	4baa59	THY2JG	A321	-
1784854855	4bb183	THY84U	A359	-
1784854855	45d972	VKG177	A339	-
1784854855	45d961	VKG039	A21N	-
1784854855	461f59	FIN100	A359	-
1784854855	4baa66	THY7NK	A321	-
1784854855	4b9e4a	STW174	B38M	-
1784856966	7380c7	ELY005	B789	-
1784856966	780fda	CCA898	B789	-
1784856966	af4efd	SWORD1	-	-
1784856966	48c130	RYS5043	B738	-
1784856966	0200af	RAM220M	B738	-
1784856966	489225	ENT4791	B738	-
1784856966	489227	ENT4104	B738	-
1784856966	45d961	VKG039	A21N	-
1784856966	4baa41	THY3AB	A321	-
1784856966	48ea4d	RYS7165	B738	-
1784856966	4ba9cc	THY1SW	A333	-
1784856966	4baa45	THY3YC	A321	-
1784856966	4bc845	PGT1458	A21N	-
1784856966	48c131	RYS1RH	B738	-
1784856966	4bc89a	PGT1577	A21N	-
1784856966	471eff	WZZ47RG	A321	-
1784856966	4ba9c3	THY5BR	A332	-
1784856966	4b9069	PGT1522	A320	-
1784888578	400981	BAW843	A320	-
1784888578	45b8e1	GAV581	-	-
1784888578	489222	ENT4226	B738	-
1784888578	48ad03	LOT3JA	E75S	-
1784888578	48c2a7	RYR93NC	B38M	-
1784888578	48ad87	LOT6KG	E190	-
1784888578	48ad0d	LOT3AB	E75S	-
1784888578	4d250a	ETD160	A332	-
1784888578	48c1a2	RYR924	B738	-
1784888578	3c6581	DLH1WC	A319	-
1784888578	461f9b	FIN67E	A321	-
1784888578	48ad10	LOT5TA	E75S	-
1784888578	48992c	SPGKM	S22T	-
1784888578	4ac9ec	SAS7392	A20N	-
1784888578	48ad02	LOT6MJ	E75S	-
1784888578	489788	LOT8WZ	E170	-
1784888578	4d200e	WMT8CX	A21N	-
1784888578	49d317	OKIMC	DA62	-
1784888578	48e95e	LOT2CH	B38M	-
1784888578	4d22bf	RYR8HU	A320	-
1784888578	3481d5	LOT5N	B772	-
1784888578	4cacb4	SAS7924	A20N	-
1784888578	495278	LOT5ED	B772	-
1784888578	48ea2a	SPMML	-	-
1784888578	48ad81	LOT454	E190	-
1784888578	4d2434	WZZ21LR	A21N	-
1784888578	48ae80	LOT48F	B738	-
1784888578	45ab22	JTD680	B738	-
1784888578	48822f	SPASP	P28T	-
1784888578	4b4bd2	HB1835	GLID	-
1784888578	48c474	SPSDW	P750	-
1784888578	48c226	RYR88MT	B738	-
1784888578	48ea4e	RYR12HZ	B738	-
1784888578	48d112	SPWIT	C182	-
1784888578	488280	SPAWA	P208	-
1784888578	ae51d7	CROSS88	H60	-
1784888578	4632b2	OHTFE	E55P	-
1784888578	48d906	TACO04	PZ3T	-
1784888578	4d242d	WZZ845	A21N	-
1784888578	4690fa	AEE4571	A320	-
1784888578	04022c	ETH3707	B77L	-
1784888578	ae59fa	EASY18	H47	-
1784888578	48d980	PLF110	B738	-
1784888578	48d82f	PLF116	M28	-
1784888578	48d908	PROP01	PZ3T	-
1784888578	48c229	RYR6VR	B738	-
1784888578	48ada9	LOT1KJ	E195	-
1784888578	4892a7	SPEZH	AAT3	-
1784888578	48e9fb	SPVMM	SF50	-
1784888578	488189	SPAMK	SIRA	-
1784888578	48c122	RYR991	B738	-
1784888578	440365	OEXKC	AS50	-
1784888578	3cc83d	EFD5D	C56X	-
1784888578	4d21ea	RYR718U	B738	-
1784888578	49c211	OKYUU73	KP5	-
1784888578	48c220	RYR64HB	B738	-
1784888578	3d489d	SPHPP	-	-
1784888578	48ae20	LOT9FN	B789	-
1784888578	48bc02	SPPAC	CRES	-
1784888578	48c124	RYR5YZ	B738	-
1784888578	48c240	SPRTA	EVSS	-
1784888578	070000	SPKAY	-	-
1784888578	4d225a	RYR4759	B738	-
1784888578	489451	SPFCS	SIRA	-
1784888578	4d241f	WZZ6813	A21N	-
1784888578	896482	UAE65U	A388	-
1784888578	48c2b3	RYR9KU	B38M	-
1784888578	489225	ENT4792	B738	-
1784888578	48ad84	LOT6JH	E190	-
1784888578	4d2402	WZZ233	A21N	-
1784888578	710d9c	KNE395	A20N	-
1784888578	48af19	LOT5JB	B38M	-
1784888578	471dbe	WZZ8EU	A21N	-
1784888578	4cadd9	SAS54N	A20N	-
1784888578	48ad0e	LOT3LN	E75S	-
1784888578	48c1d7	SPROY	PA34	-
1784888578	4bb4f0	MGH883	B738	-
1784888578	4bb26e	THY2RH	A21N	-
1784888578	49c4b5	OKFUG02	-	-
1784888578	ae488e	HAZE37	H60	-
1784889174	48e89d	BNI4N	P208	-
1784889174	45ab22	JTD680	B738	-
1784889174	48e93b	BNI7S	P208	-
1784889174	48992c	SPGKM	S22T	-
1784889174	896482	UAE65U	A388	-
1784889174	4ac9ec	SAS7392	A20N	-
1784889174	4d22bf	RYR8HU	A320	-
1784889174	461f9b	FIN67E	A321	-
1784889174	48ad0e	LOT3LN	E75S	-
1784889174	48c474	SPSDW	P750	-
1784889174	489788	LOT8WZ	E170	-
1784889174	48ada9	LOT1KJ	E195	-
1784889174	48ad03	LOT3JA	E75S	-
1784889174	48ad84	LOT6JH	E190	-
1784889174	45b8e1	GAV581	-	-
1784889174	48c1a2	RYR924	B738	-
1784889174	48ae07	LOT16M	B788	-
1784889174	48ea40	SPGSA	-	-
1784889174	3c6581	DLH1WC	A319	-
1784889174	48e9fb	SPVMM	SF50	-
1784889174	48d82f	PLF116	M28	-
1784889174	4d250a	ETD160	A332	-
1784889174	48ae20	LOT9FN	B789	-
1784889174	48ea2a	SPMML	-	-
1784889174	48ad02	LOT6MJ	E75S	-
1784889174	4b4bd2	HB1835	GLID	-
1784889174	48ae80	LOT48F	B738	-
1784889174	48ad87	LOT6KG	E190	-
1784889174	48c2a7	RYR93NC	B38M	-
1784889174	ae51d7	CROSS88	H60	-
1784889174	3481d5	LOT5N	B772	-
1784889174	48ad0d	LOT3AB	E75S	-
1784889174	400981	BAW843	A320	-
1784889174	48c285	SPRWF	AAT3	-
1784889174	488280	SPAWA	P208	-
1784889174	48c226	RYR88MT	B738	-
1784889174	4cadd9	SAS54N	A20N	-
1784889174	ae59fa	EASY18	H47	-
1784889174	49d317	OKIMC	DA62	-
1784889174	48ad10	LOT5TA	E75S	-
1784889174	48d908	PROP01	PZ3T	-
1784889174	489225	ENT4792	B738	-
1784889174	488189	SPAMK	SIRA	-
1784889174	06a2ec	QTR1M	B789	-
1784889174	48c124	RYR5YZ	B738	-
1784889174	48822f	SPASP	P28T	-
1784889174	3d489d	SPHPP	-	-
1784889174	489222	ENT4226	B738	-
1784889174	4d2536	WZZ4	A21N	-
1784889174	48ca8d	SPTWN	P06T	-
1784889174	489451	SPFCS	SIRA	-
1784889174	48bc02	SPPAC	CRES	-
1784889174	4ba9cf	THY6EN	A333	-
1784889174	44b0b4	OOLET	BE20	-
1784889174	48e8bc	SPEEE	-	-
1784889174	49c211	OKYUU73	KP5	-
1784889174	48a56e	SPKLO	C172	-
1784889174	4ca9c2	RYR52XB	B738	-
1784889174	4d2020	WZZ341	A319	-
1784889174	3c658c	DLH8AF	A319	-
1784889174	47bb0a	SAS15U	A20N	-
1784889174	4d22b0	RYR8TQ	A320	-
1784889174	ae488e	HAZE37	H60	-
1784889174	406442	EZY82KR	A319	-
1784889174	4995ec	OKPLV	-	-
1784889174	48d961	PLF106	GLF5	-
1784889174	48c1d7	SPROY	PA34	-
1784889174	489ed1	LPRHXS	EC35	-
1784889174	48c222	RYS488B	B738	-
1784889174	49c4b5	OKFUG02	-	-
1784889174	48fcc7	SPSAGH	TL30	-
1784889174	48c231	RYR45AH	B738	-
1784889174	48c5ee	SPSPO	P06T	-
1784889174	458665	CAT328	B738	-
1784889174	48af0d	LOT1CD	B38M	-
1784889174	4cae56	RYR1KH	B38M	-
1784889174	48ea67	SPALP	P208	-
1784889174	48c909	SPTIK	P208	-
1784889174	4bb219	THY2SE	A21N	-
1784889174	48c122	RYR991	B738	-
1784889284	48e89d	BNI4N	P208	-
1784889284	48e93b	BNI7S	P208	-
1784889284	45ab22	JTD680	B738	-
1784889284	48992c	SPGKM	S22T	-
1784889284	896482	UAE65U	A388	-
1784889284	48ad0e	LOT3LN	E75S	-
1784889284	4ac9ec	SAS7392	A20N	-
1784889284	4d22bf	RYR8HU	A320	-
1784889284	48c474	SPSDW	P750	-
1784889284	48ada9	LOT1KJ	E195	-
1784889284	489788	LOT8WZ	E170	-
1784889284	48ae07	LOT16M	B788	-
1784889284	48ad84	LOT6JH	E190	-
1784889284	461f9b	FIN67E	A321	-
1784889284	48ad03	LOT3JA	E75S	-
1784889284	48d82f	PLF116	M28	-
1784889284	48c286	SPRWG	AAT3	-
1784889284	48e9fb	SPVMM	SF50	-
1784889284	48ea2a	SPMML	-	-
1784889284	48ad02	LOT6MJ	E75S	-
1784889284	48ae20	LOT9FN	B789	-
1784889284	4b4bd2	HB1835	GLID	-
1784889284	48ea40	SPGSA	-	-
1784889284	48ad0d	LOT3AB	E75S	-
1784889284	48c1a2	RYR924	B738	-
1784889284	48ae80	LOT48F	B738	-
1784889284	48ad87	LOT6KG	E190	-
1784889284	ae51d7	CROSS88	H60	-
1784889284	06a2ec	QTR1M	B789	-
1784889284	3481d5	LOT5N	B772	-
1784889284	45b8e1	GAV581	-	-
1784889284	488280	SPAWA	P208	-
1784889284	48c226	RYR88MT	B738	-
1784889284	48c285	SPRWF	AAT3	-
1784889284	4cadd9	SAS54N	A20N	-
1784889284	4d250a	ETD160	A332	-
1784889284	ae59fa	EASY18	H47	-
1784889284	488189	SPAMK	SIRA	-
1784889284	49d317	OKIMC	DA62	-
1784889284	48c2a7	RYR93NC	B38M	-
1784889284	489225	ENT4792	B738	-
1784889284	48d908	PROP01	PZ3T	-
1784889284	48d906	TACO04	PZ3T	-
1784889284	4d2536	WZZ4	A21N	-
1784889284	400981	BAW843	A320	-
1784889284	48c124	RYR5YZ	B738	-
1784889284	48822f	SPASP	P28T	-
1784889284	3d489d	SPHPP	-	-
1784889284	48ad10	LOT5TA	E75S	-
1784889284	48d961	PLF106	GLF5	-
1784889284	44b0b4	OOLET	BE20	-
1784889284	48ca8d	SPTWN	P06T	-
1784889284	48bc02	SPPAC	CRES	-
1784889284	47bb0a	SAS15U	A20N	-
1784889284	4ba9cf	THY6EN	A333	-
1784889284	489451	SPFCS	SIRA	-
1784889284	070000	SPKAY	-	-
1784889284	48c231	RYR45AH	B738	-
1784889284	3c658c	DLH8AF	A319	-
1784889284	48af0d	LOT1CD	B38M	-
1784889284	48a56e	SPKLO	C172	-
1784889284	489222	ENT4226	B738	-
1784889284	406442	EZY82KR	A319	-
1784889284	4995ec	OKPLV	-	-
1784889284	49c211	OKYUU73	KP5	-
1784889284	4d2020	WZZ341	A319	-
1784889284	48c2a1	RYR27AY	B38M	-
1784889284	48c222	RYS488B	B738	-
1784889284	ae488e	HAZE37	H60	-
1784889284	49c4b5	OKFUG02	-	-
1784889284	489ed1	LPRHXS	EC35	-
1784889284	48fcc7	SPSAGH	TL30	-
1784889284	4ca9c2	RYR52XB	B738	-
1784889284	4cae56	RYR1KH	B38M	-
1784889284	48c1d7	SPROY	PA34	-
1784889284	48c5ee	SPSPO	P06T	-
1784889284	4d22b0	RYR8TQ	A320	-
1784889284	4bb219	THY2SE	A21N	-
1784889284	458665	CAT328	B738	-
1784889284	48ea67	SPALP	P208	-
1784889298	4aca08	NSZ3807	B738	-
1784889298	4bb213	THY7PU	B38M	-
1784889336	48e89d	BNI4N	P208	-
1784889336	48e93b	BNI7S	P208	-
1784889336	45ab22	JTD680	B738	-
1784889336	48992c	SPGKM	S22T	-
1784889336	896482	UAE65U	A388	-
1784889336	48ad0e	LOT3LN	E75S	-
1784889336	48c474	SPSDW	P750	-
1784889336	4ac9ec	SAS7392	A20N	-
1784889336	4d22bf	RYR8HU	A320	-
1784889336	48ada9	LOT1KJ	E195	-
1784889336	48ae07	LOT16M	B788	-
1784889336	489788	LOT8WZ	E170	-
1784889336	48ad84	LOT6JH	E190	-
1784889336	48d82f	PLF116	M28	-
1784889336	48c2b1	RYR1JE	B38M	-
1784889336	48ad03	LOT3JA	E75S	-
1784889336	48e9fb	SPVMM	SF50	-
1784889336	48ad02	LOT6MJ	E75S	-
1784889336	48c286	SPRWG	AAT3	-
1784889336	06a2ec	QTR1M	B789	-
1784889336	48ad0d	LOT3AB	E75S	-
1784889336	461f9b	FIN67E	A321	-
1784889336	4b4bd2	HB1835	GLID	-
1784889336	48ea40	SPGSA	-	-
1784889336	48ae20	LOT9FN	B789	-
1784889336	48ae80	LOT48F	B738	-
1784889336	3481d5	LOT5N	B772	-
1784889336	48c1a2	RYR924	B738	-
1784889336	48ad87	LOT6KG	E190	-
1784889336	ae51d7	CROSS88	H60	-
1784889336	48c226	RYR88MT	B738	-
1784889336	488280	SPAWA	P208	-
1784889336	48c285	SPRWF	AAT3	-
1784889336	4cadd9	SAS54N	A20N	-
1784889336	45b8e1	GAV581	-	-
1784889336	488189	SPAMK	SIRA	-
1784889336	4d2536	WZZ4	A21N	-
1784889336	ae59fa	EASY18	H47	-
1784889336	48d906	TACO04	PZ3T	-
1784889336	49d317	OKIMC	DA62	-
1784889336	48d908	PROP01	PZ3T	-
1784889336	4d250a	ETD160	A332	-
1784889336	48d961	PLF106	GLF5	-
1784889336	48c2a7	RYR93NC	B38M	-
1784889336	48c124	RYR5YZ	B738	-
1784889336	48822f	SPASP	P28T	-
1784889336	47bb0a	SAS15U	A20N	-
1784889336	400981	BAW843	A320	-
1784889336	3d489d	SPHPP	-	-
1784889336	44b0b4	OOLET	BE20	-
1784889336	48ca8d	SPTWN	P06T	-
1784889336	48c231	RYR45AH	B738	-
1784889336	4ba9cf	THY6EN	A333	-
1784889336	48ad10	LOT5TA	E75S	-
1784889336	48bc02	SPPAC	CRES	-
1784889336	48af0d	LOT1CD	B38M	-
1784889336	489451	SPFCS	SIRA	-
1784889336	070000	SPKAY	-	-
1784889336	406442	EZY82KR	A319	-
1784889336	3c658c	DLH8AF	A319	-
1784889336	4995ec	OKPLV	-	-
1784889336	48c222	RYS488B	B738	-
1784889336	4d2020	WZZ341	A319	-
1784889336	49c211	OKYUU73	KP5	-
1784889336	48c2a1	RYR27AY	B38M	-
1784889336	ae488e	HAZE37	H60	-
1784889336	489222	ENT4226	B738	-
1784889336	49c4b5	OKFUG02	-	-
1784889336	489ed1	LPRHXS	EC35	-
1784889336	4aca08	NSZ3807	B738	-
1784889336	4cae56	RYR1KH	B38M	-
1784889336	4bb213	THY7PU	B38M	-
1784889336	48c5ee	SPSPO	P06T	-
1784889336	4bb219	THY2SE	A21N	-
1784889336	48c2ac	RYR9ZE	B38M	-
1784889336	48c1d7	SPROY	PA34	-
1784889336	48ea67	SPALP	P208	-
1784889336	4ca9c2	RYR52XB	B738	-
1784889336	458665	CAT328	B738	-
1784889336	4d22b0	RYR8TQ	A320	-
1784889350	48ae23	LOT36	B789	-
1784889350	471d69	WZZ1014	-	-
1784929369	06a1e9	QTR8240	B77L	-
1784929369	502d7d	SWR41P	BCS3	-
1784929369	48c231	RYR4AY	B738	-
1784929369	48c232	RYR9706	B738	-
1784929369	471d5a	WZZ8987	A21N	-
1784929369	48c220	RYR38EA	B738	-
1784929369	48e95e	LOT2HG	B38M	-
1784929369	48e95d	LOT5HA	B38M	-
1784929369	48e973	LOT7AZ	B38M	-
1784929369	4cae58	RYR5881	B38M	-
1784929369	48ac82	LOT3911	E295	-
1784929369	48c124	RYR8MA	B738	-
1784929369	48ad0d	LOT3803	E75S	-
1784929369	af3b69	SWORD02	-	-
1784929369	48af07	LOT7MA	B38M	-
1784929369	47a3b0	NOZ9165	B738	-
1784929369	471dba	WZZ5	A21N	-
1784929369	4ac9ed	SAS7404	A20N	-
1784929369	4d24b4	WZZ620U	A21N	-
1784929369	471eff	WZZ4MN	A321	-
1784929369	4cadda	SAS1940	A20N	-
1784929369	4aca82	NSZ4376	B38M	-
1784929369	471f32	WZZ182J	A21N	-
1784929369	48af0e	LOT6639	B38M	-
1784929369	4d24cc	RYR8QX	B38M	-
1784929369	48ad0c	LOT3995	E75S	-
1784929369	48c2a6	RYR9NR	B38M	-
1784929369	48c1a5	RYR55WG	B738	-
1784929369	4cadbd	RYR90FP	B38M	-
1784929369	48c122	RYS5046	B738	-
1784929369	4caa57	RYR2SE	B738	-
1784929369	4cac7f	RYR780Y	B38M	-
1784929369	48ad10	LOT9WK	E75S	-
1784929369	48c2b3	RYR8BY	B38M	-
1784929369	89610e	UAE176	B77W	-
1784929369	3c6485	DLH9ML	A321	-
1784929369	48b4f3	SPSMO	P208	-
1784929369	502d28	BTI7EJ	BCS3	-
1784929369	48ad86	LOT3827	E190	-
1784929369	4acb5a	SAS7378	A20N	-
1784929369	461f63	FIN1RC	A320	-
1784929369	47bb0a	SAS4774	A20N	-
1784929369	48c1bb	RYR3YV	B738	-
1784929369	471f41	WZZ664	A21N	-
1784929369	48c12e	RYR34AP	B738	-
1784929369	4ca764	RYR85QU	B738	-
1784929369	4ca9cf	RYR74XH	B738	-
1784929369	48e9f3	RYR20SE	B738	-
1784929369	48ae26	LOT79	B789	-
1784929369	48c2b6	RYR5SJ	B38M	-
1784929369	78103a	CCA750	A333	-
1784929369	4ac9c4	BLX8HC	B38M	-
1784929369	4cadc3	RYR7HE	B38M	-
1784929403	502d7d	SWR41P	BCS3	-
1784929403	06a1e9	QTR8240	B77L	-
1784929403	48c231	RYR4AY	B738	-
1784929403	48c232	RYR9706	B738	-
1784929403	48c220	RYR38EA	B738	-
1784929403	48e95e	LOT2HG	B38M	-
1784929403	471d5a	WZZ8987	A21N	-
1784929403	48e95d	LOT5HA	B38M	-
1784929403	4cae58	RYR5881	B38M	-
1784929403	48e973	LOT7AZ	B38M	-
1784929403	48c124	RYR8MA	B738	-
1784929403	af3b69	SWORD02	-	-
1784929403	48ac82	LOT3911	E295	-
1784929403	48ad0d	LOT3803	E75S	-
1784929403	4ac9ed	SAS7404	A20N	-
1784929403	471dba	WZZ5	A21N	-
1784929403	48af07	LOT7MA	B38M	-
1784929403	47a3b0	NOZ9165	B738	-
1784929403	4d24b4	WZZ620U	A21N	-
1784929403	471eff	WZZ4MN	A321	-
1784929403	4d24cc	RYR8QX	B38M	-
1784929403	4aca82	NSZ4376	B38M	-
1784929403	471f32	WZZ182J	A21N	-
1784929403	4cadda	SAS1940	A20N	-
1784929403	48af0e	LOT6639	B38M	-
1784929403	48ad0c	LOT3995	E75S	-
1784929403	48c2a6	RYR9NR	B38M	-
1784929403	4cadbd	RYR90FP	B38M	-
1784929403	4caa57	RYR2SE	B738	-
1784929403	48c1a5	RYR55WG	B738	-
1784929403	4cac7f	RYR780Y	B38M	-
1784929403	48c122	RYS5046	B738	-
1784929403	48ad10	LOT9WK	E75S	-
1784929403	48c2b3	RYR8BY	B38M	-
1784929403	896740	ABY966	-	-
1784929403	89610e	UAE176	B77W	-
1784929403	3c6485	DLH9ML	A321	-
1784929403	502d28	BTI7EJ	BCS3	-
1784929403	4acb5a	SAS7378	A20N	-
1784929403	48b4f3	SPSMO	P208	-
1784929403	461f63	FIN1RC	A320	-
1784929403	48ad86	LOT3827	E190	-
1784929403	48c1bb	RYR3YV	B738	-
1784929403	471f41	WZZ664	A21N	-
1784929403	4ca764	RYR85QU	B738	-
1784929403	47bb0a	SAS4774	A20N	-
1784929403	48c12e	RYR34AP	B738	-
1784929403	4ca9cf	RYR74XH	B738	-
1784929403	48e9f3	RYR20SE	B738	-
1784929403	49d3f1	OKBCN	C152	-
1784929403	48c2b6	RYR5SJ	B38M	-
1784929403	48ae26	LOT79	B789	-
1784929403	78103a	CCA750	A333	-
1784929551	502d7d	SWR41P	BCS3	-
1784929551	48c231	RYR4AY	B738	-
1784929551	48c232	RYR9706	B738	-
1784929551	4cae58	RYR5881	B38M	-
1784929551	48c220	RYR38EA	B738	-
1784929551	4ac9ed	SAS7404	A20N	-
1784929551	48e95e	LOT2HG	B38M	-
1784929551	4d24b4	WZZ620U	A21N	-
1784929551	48e95d	LOT5HA	B38M	-
1784929551	48c124	RYR8MA	B738	-
1784929551	06a1e9	QTR8240	B77L	-
1784929551	471eff	WZZ4MN	A321	-
1784929551	af3b69	SWORD02	-	-
1784929551	48e973	LOT7AZ	B38M	-
1784929551	471dba	WZZ5	A21N	-
1784929551	471d5a	WZZ8987	A21N	-
1784929551	4d24cc	RYR8QX	B38M	-
1784929551	48ad0d	LOT3803	E75S	-
1784929551	48ac82	LOT3911	E295	-
1784929551	48af07	LOT7MA	B38M	-
1784929551	47a3b0	NOZ9165	B738	-
1784929551	4aca82	NSZ4376	B38M	-
1784929551	471f32	WZZ182J	A21N	-
1784929551	48ad0c	LOT3995	E75S	-
1784929551	4cadbd	RYR90FP	B38M	-
1784929551	4cac7f	RYR780Y	B38M	-
1784929551	48c2a6	RYR9NR	B38M	-
1784929551	4cadda	SAS1940	A20N	-
1784929551	4acb5a	SAS7378	A20N	-
1784929551	48af0e	LOT6639	B38M	-
1784929551	502d28	BTI7EJ	BCS3	-
1784929551	4caa57	RYR2SE	B738	-
1784929551	48c2b3	RYR8BY	B38M	-
1784929551	896740	ABY966	-	-
1784929551	48ad10	LOT9WK	E75S	-
1784929551	48c1a5	RYR55WG	B738	-
1784929551	3c6485	DLH9ML	A321	-
1784929551	48c1bb	RYR3YV	B738	-
1784929551	471f41	WZZ664	A21N	-
1784929551	48b4f3	SPSMO	P208	-
1784929551	89610e	UAE176	B77W	-
1784929551	48c122	RYS5046	B738	-
1784929551	48c2b6	RYR5SJ	B38M	-
1784929551	461f63	FIN1RC	A320	-
1784929551	4ca764	RYR85QU	B738	-
1784929551	48ad86	LOT3827	E190	-
1784929551	48c12e	RYR34AP	B738	-
1784929551	47bb0a	SAS4774	A20N	-
1784929551	4ca9cf	RYR74XH	B738	-
1784929551	48e9f3	RYR20SE	B738	-
1784929567	489226	ENT4864	B738	-
1784930545	48c2b6	RYR5SJ	B38M	-
1784930545	af3b69	SWORD02	-	-
1784930545	471f01	WMT508	A321	-
1784930545	471eff	WZZ4MN	A321	-
1784930545	48c231	RYR4AY	B738	-
1784930545	4d24b4	WZZ620U	A21N	-
1784930545	4d24cc	RYR8QX	B38M	-
1784930545	4ac9ed	SAS7404	A20N	-
1784930545	4cad93	SAS94Y	A20N	-
1784930545	489226	ENT4864	B738	-
1784930545	489788	LOT7JF	E170	-
1784930545	45d965	VKG1641	A21N	-
1784930545	4cad98	SAS7656	A20N	-
1784930545	4acb5a	SAS7378	A20N	-
1784930545	48c232	RYR9706	B738	-
1784930545	48c26c	RYS7282	B737	-
1784930545	4caecc	RYR46JB	B38M	-
1784930545	48c2b7	RYR9YW	B38M	-
1784930545	48b4f3	SPSMO	P208	-
1784930545	502d7d	SWR41P	BCS3	-
1784930545	48ae83	LOT7YE	B738	-
1784930545	48e9f0	RYR4155	B738	-
1784930545	461f64	FIN6AK	A320	-
1784930545	48c124	RYR8MA	B738	-
1784930545	4d24b3	WZZ55BC	A21N	-
1784930545	4d2524	SEU7582	B738	-
1784930545	49d3f1	OKBCN	C152	-
1784930545	502d28	BTI7EJ	BCS3	-
1784930545	471dbe	WZZ85	A21N	-
1784930545	4cac7f	RYR780Y	B38M	-
1784930545	48ae85	LOT3HM	B738	-
1784930545	4cae58	RYR5881	B38M	-
1784930545	478772	NOZ87XV	B738	-
1784930545	4aca8b	NOZ14W	B38M	-
1784930545	48e95e	LOT2HG	B38M	-
1784930545	48ad0d	LOT3803	E75S	-
1784930545	4cadbd	RYR90FP	B38M	-
1784930580	48c2b6	RYR5SJ	B38M	-
1784930580	af3b69	SWORD02	-	-
1784930580	471f01	WMT508	A321	-
1784930580	48c231	RYR4AY	B738	-
1784930580	471eff	WZZ4MN	A321	-
1784930580	4d24b4	WZZ620U	A21N	-
1784930580	4d24cc	RYR8QX	B38M	-
1784930580	4ac9ed	SAS7404	A20N	-
1784930580	4cad93	SAS94Y	A20N	-
1784930580	489226	ENT4864	B738	-
1784930580	489788	LOT7JF	E170	-
1784930580	45d965	VKG1641	A21N	-
1784930580	4cad98	SAS7656	A20N	-
1784930580	4acb5a	SAS7378	A20N	-
1784930580	48c232	RYR9706	B738	-
1784930580	48c26c	RYS7282	B737	-
1784930580	48c1a9	RYS7169	B738	-
1784930580	4caecc	RYR46JB	B38M	-
1784930580	48c2b7	RYR9YW	B38M	-
1784930580	48b4f3	SPSMO	P208	-
1784930580	48e9f0	RYR4155	B738	-
1784930580	461f64	FIN6AK	A320	-
1784930580	502d7d	SWR41P	BCS3	-
1784930580	48ae83	LOT7YE	B738	-
1784930580	4d24b3	WZZ55BC	A21N	-
1784930580	4d2524	SEU7582	B738	-
1784930580	48c124	RYR8MA	B738	-
1784930580	49d3f1	OKBCN	C152	-
1784930580	471dbe	WZZ85	A21N	-
1784930580	502d28	BTI7EJ	BCS3	-
1784930580	4cac7f	RYR780Y	B38M	-
1784930580	48ae85	LOT3HM	B738	-
1784930580	4aca8b	NOZ14W	B38M	-
1784930580	4cae58	RYR5881	B38M	-
1784930580	478772	NOZ87XV	B738	-
1784930580	48ad0d	LOT3803	E75S	-
1784930580	48c222	RYS68JJ	B738	-
1784930580	48e95e	LOT2HG	B38M	-
1784930580	4cadbd	RYR90FP	B38M	-
1784930595	4d2529	WZZ8834	A21N	-
1784930951	4d2529	WZZ8834	A21N	-
1784930951	4cad93	SAS94Y	A20N	-
1784930951	af3b69	SWORD02	-	-
1784930951	4cae56	RYR66ZD	B38M	-
1784930951	48e9f0	RYR4155	B738	-
1784930951	48c2b6	RYR5SJ	B38M	-
1784930951	45d965	VKG1641	A21N	-
1784930951	471f01	WMT508	A321	-
1784930951	4d24b3	WZZ55BC	A21N	-
1784930951	4d2524	SEU7582	B738	-
1784930951	4b9910	FHY770	A320	-
1784930951	48c26c	RYS7282	B737	-
1784930951	471eff	WZZ4MN	A321	-
1784930951	4cad98	SAS7656	A20N	-
1784930951	48c2b7	RYR9YW	B38M	-
1784930951	4aca8b	NOZ14W	B38M	-
1784930951	4d24cc	RYR8QX	B38M	-
1784930951	48b4f3	SPSMO	P208	-
1784930951	471dbe	WZZ85	A21N	-
1784930951	4ac9ed	SAS7404	A20N	-
1784930951	461f64	FIN6AK	A320	-
1784930951	48c222	RYS68JJ	B738	-
1784930951	4c01eb	ASL125	A319	-
1784930951	48c1a9	RYS7169	B738	-
1784930951	4acb5a	SAS7378	A20N	-
1784930951	49d3f1	OKBCN	C152	-
1784930951	4d241a	WZZ3BU	A21N	-
1784930951	489788	LOT7JF	E170	-
1784930951	4a91fa	SAS4634	A20N	-
1784930951	478772	NOZ87XV	B738	-
1784930951	48c232	RYR9706	B738	-
1784930951	4caecc	RYR46JB	B38M	-
1784930951	4b8df2	CAI9286	B738	-
1784930951	452119	EAF587	A320	-
1784930966	489221	ENT7187	B738	-
1784930985	4cad93	SAS94Y	A20N	-
1784930985	af3b69	SWORD02	-	-
1784930985	4cae56	RYR66ZD	B38M	-
1784930985	48e9f0	RYR4155	B738	-
1784930985	45d965	VKG1641	A21N	-
1784930985	48c2b6	RYR5SJ	B38M	-
1784930985	471f01	WMT508	A321	-
1784930985	4d24b3	WZZ55BC	A21N	-
1784930985	4d2524	SEU7582	B738	-
1784930985	4b9910	FHY770	A320	-
1784930985	48c26c	RYS7282	B737	-
1784930985	4cad98	SAS7656	A20N	-
1784930985	471eff	WZZ4MN	A321	-
1784930985	48c2b7	RYR9YW	B38M	-
1784930985	489221	ENT7187	B738	-
1784930985	4aca8b	NOZ14W	B38M	-
1784930985	471dbe	WZZ85	A21N	-
1784930985	48b4f3	SPSMO	P208	-
1784930985	48c222	RYS68JJ	B738	-
1784930985	4d24cc	RYR8QX	B38M	-
1784930985	461f64	FIN6AK	A320	-
1784930985	4ac9ed	SAS7404	A20N	-
1784930985	4c01eb	ASL125	A319	-
1784930985	4d241a	WZZ3BU	A21N	-
1784930985	4a91fa	SAS4634	A20N	-
1784930985	4acb5a	SAS7378	A20N	-
1784930985	49d3f1	OKBCN	C152	-
1784930985	48c1a9	RYS7169	B738	-
1784930985	478772	NOZ87XV	B738	-
1784930985	489788	LOT7JF	E170	-
1784930985	4b8df2	CAI9286	B738	-
1784930985	452119	EAF587	A320	-
1784930985	48c232	RYR9706	B738	-
1784930985	4caecc	RYR46JB	B38M	-
1784930999	48c238	RYR472L	B738	-
1784931509	48e9f0	RYR4155	B738	-
1784931509	4cad93	SAS94Y	A20N	-
1784931509	af3b69	SWORD02	-	-
1784931509	4d2529	WZZ8834	A21N	-
1784931509	4d2434	WZZ267	A21N	-
1784931509	4d241a	WZZ3BU	A21N	-
1784931509	48c222	RYS68JJ	B738	-
1784931509	4cae56	RYR66ZD	B38M	-
1784931509	45d965	VKG1641	A21N	-
1784931509	4c01eb	ASL125	A319	-
1784931509	452119	EAF587	A320	-
1784931509	4a91fa	SAS4634	A20N	-
1784931509	4b8df2	CAI9286	B738	-
1784931509	4aca8b	NOZ14W	B38M	-
1784931509	48c2b6	RYR5SJ	B38M	-
1784931509	489221	ENT7187	B738	-
1784931509	48c238	RYR472L	B738	-
1784931509	48b4f3	SPSMO	P208	-
1784931509	4cad98	SAS7656	A20N	-
1784931509	471dbf	WZZ168	A21N	-
1784931509	49d050	OKGTN	C152	-
1784931509	4d2533	WZZ427	A21N	-
1784931509	4aca8a	NSZ26Q	B38M	-
1784931509	48c22d	RYR4011	B738	-
1784931509	471fa1	WZZ9BY	A21N	-
1784931509	471f01	WMT508	A321	-
1784931509	478772	NOZ87XV	B738	-
1784931509	461f64	FIN6AK	A320	-
1784931509	010284	NMA603	-	-
1784931509	48c233	RYR6PV	B738	-
1784931509	4b9910	FHY770	A320	-
1784931544	48e9f0	RYR4155	B738	-
1784931544	4cad93	SAS94Y	A20N	-
1784931544	af3b69	SWORD02	-	-
1784931544	4d2434	WZZ267	A21N	-
1784931544	4d2529	WZZ8834	A21N	-
1784931544	4d241a	WZZ3BU	A21N	-
1784931544	48c222	RYS68JJ	B738	-
1784931544	4cae56	RYR66ZD	B38M	-
1784931544	4c01eb	ASL125	A319	-
1784931544	452119	EAF587	A320	-
1784931544	45d965	VKG1641	A21N	-
1784931544	4a91fa	SAS4634	A20N	-
1784931544	4b8df2	CAI9286	B738	-
1784931544	4aca8b	NOZ14W	B38M	-
1784931544	48c2b6	RYR5SJ	B38M	-
1784931544	48c238	RYR472L	B738	-
1784931544	489221	ENT7187	B738	-
1784931544	48b4f3	SPSMO	P208	-
1784931544	49d050	OKGTN	C152	-
1784931544	471dbf	WZZ168	A21N	-
1784931544	48c22d	RYR4011	B738	-
1784931544	4d2533	WZZ427	A21N	-
1784931544	4aca8a	NSZ26Q	B38M	-
1784931544	4cad98	SAS7656	A20N	-
1784931544	471fa1	WZZ9BY	A21N	-
1784931544	478772	NOZ87XV	B738	-
1784931544	48c233	RYR6PV	B738	-
1784931544	471f01	WMT508	A321	-
1784931544	010284	NMA603	-	-
1784931544	461f64	FIN6AK	A320	-
1784931692	48e9f0	RYR4155	B738	-
1784931692	4d2434	WZZ267	A21N	-
1784931692	4d241a	WZZ3BU	A21N	-
1784931692	af3b69	SWORD02	-	-
1784931692	4cad93	SAS94Y	A20N	-
1784931692	4d2529	WZZ8834	A21N	-
1784931692	48c222	RYS68JJ	B738	-
1784931692	452119	EAF587	A320	-
1784931692	4b8df2	CAI9286	B738	-
1784931692	4a91fa	SAS4634	A20N	-
1784931692	4c01eb	ASL125	A319	-
1784931692	4cae56	RYR66ZD	B38M	-
1784931692	48c238	RYR472L	B738	-
1784931692	45d965	VKG1641	A21N	-
1784931692	489221	ENT7187	B738	-
1784931692	48c22d	RYR4011	B738	-
1784931692	4aca8b	NOZ14W	B38M	-
1784931692	4881ac	ENT4069	-	-
1784931692	48b4f3	SPSMO	P208	-
1784931692	4d2533	WZZ427	A21N	-
1784931692	471dbf	WZZ168	A21N	-
1784931692	471fa1	WZZ9BY	A21N	-
1784931692	4aca8a	NSZ26Q	B38M	-
1784931692	49d050	OKGTN	C152	-
1784931692	48c233	RYR6PV	B738	-
1784931692	49d121	OKCDI	C152	-
1784931692	49d3f1	OKBCN	C152	-
1784931692	010284	NMA603	-	-
1784931692	4cad98	SAS7656	A20N	-
1784931692	478772	NOZ87XV	B738	-
1784931750	48e9f0	RYR4155	B738	-
1784931750	4d2434	WZZ267	A21N	-
1784931750	4d241a	WZZ3BU	A21N	-
1784931750	af3b69	SWORD02	-	-
1784931750	4cad93	SAS94Y	A20N	-
1784931750	4d2529	WZZ8834	A21N	-
1784931750	452119	EAF587	A320	-
1784931750	48c222	RYS68JJ	B738	-
1784931750	4b8df2	CAI9286	B738	-
1784931750	4a91fa	SAS4634	A20N	-
1784931750	4c01eb	ASL125	A319	-
1784931750	48c238	RYR472L	B738	-
1784931750	4cae56	RYR66ZD	B38M	-
1784931750	48c22d	RYR4011	B738	-
1784931750	45d965	VKG1641	A21N	-
1784931750	489221	ENT7187	B738	-
1784931750	4d2533	WZZ427	A21N	-
1784931750	48b4f3	SPSMO	P208	-
1784931750	4881ac	ENT4069	-	-
1784931750	4aca8b	NOZ14W	B38M	-
1784931750	471dbf	WZZ168	A21N	-
1784931750	471fa1	WZZ9BY	A21N	-
1784931750	48c233	RYR6PV	B738	-
1784931750	4aca8a	NSZ26Q	B38M	-
1784931750	49d050	OKGTN	C152	-
1784931750	49d121	OKCDI	C152	-
1784931750	010284	NMA603	-	-
1784931750	4cad98	SAS7656	A20N	-
1784932407	48c22d	RYR4011	B738	-
1784932407	4d241a	WZZ3BU	A21N	-
1784932407	af3b69	SWORD02	-	-
1784932407	4d2533	WZZ427	A21N	-
1784932407	48c233	RYR6PV	B738	-
1784932407	4d2434	WZZ267	A21N	-
1784932407	48c238	RYR472L	B738	-
1784932407	4881ac	ENT4069	-	-
1784932407	4d2218	RYR1161	B738	-
1784932407	4aca64	SAS987	A359	-
1784932407	48e9f0	RYR4155	B738	-
1784932407	4b8df2	CAI9286	B738	-
1784932407	502daa	BTI7RB	BCS3	-
1784932407	471dbf	WZZ168	A21N	-
1784932407	471f44	WMT4CA	A21N	-
1784932407	48b4f3	SPSMO	P208	-
1784932407	4a91fa	SAS4634	A20N	-
1784932407	49d050	OKGTN	C152	-
1784932407	4bb867	PGT6AK	A20N	-
1784932407	49d121	OKCDI	C152	-
1784932407	4cad93	SAS94Y	A20N	-
1784932407	4aca8a	NSZ26Q	B38M	-
1784932407	4d204a	WZZ27UT	A21N	-
1784932407	4bb852	PGT1581	A20N	-
1784932407	4c01eb	ASL125	A319	-
1784932441	48c22d	RYR4011	B738	-
1784932441	4d241a	WZZ3BU	A21N	-
1784932441	af3b69	SWORD02	-	-
1784932441	4d2533	WZZ427	A21N	-
1784932441	48c233	RYR6PV	B738	-
1784932441	4d2434	WZZ267	A21N	-
1784932441	48c238	RYR472L	B738	-
1784932441	4d2218	RYR1161	B738	-
1784932441	4881ac	ENT4069	-	-
1784932441	4aca64	SAS987	A359	-
1784932441	502daa	BTI7RB	BCS3	-
1784932441	4b8df2	CAI9286	B738	-
1784932441	48e9f0	RYR4155	B738	-
1784932441	471f44	WMT4CA	A21N	-
1784932441	48b4f3	SPSMO	P208	-
1784932441	4a91fa	SAS4634	A20N	-
1784932441	49d050	OKGTN	C152	-
1784932441	4bb867	PGT6AK	A20N	-
1784932441	49d121	OKCDI	C152	-
1784932441	4aca8a	NSZ26Q	B38M	-
1784932441	4cad93	SAS94Y	A20N	-
1784932441	4d204a	WZZ27UT	A21N	-
1784932441	4bb852	PGT1581	A20N	-
1784933815	4d2433	WZZ80FA	A21N	-
1784933815	4ca739	RYR3VH	B738	-
1784933815	48c132	RYR6RE	B738	-
1784933815	48c2b3	RYR129	B38M	-
1784933815	af3b69	SWORD02	-	-
1784933815	4bc8ce	PGT7137	A21N	-
1784933815	4d2429	WZZ5HR	A320	-
1784933815	502daa	BTI7RB	BCS3	-
1784933815	48c229	RYR4TE	B738	-
1784933815	48ea4d	RYS7142	B738	-
1784933815	48c139	RYR7HH	B738	-
1784933815	4baa4f	THY9YQ	A321	-
1784933815	4caa57	RYR63WW	B738	-
1784933815	471d60	WZZ9596	A21N	-
1784933815	46b8b2	AEE774	A20N	-
1784933815	010195	LMU736	A320	-
1784933815	48e9f4	RYR9279	B738	-
1784933815	4bb867	PGT6AK	A20N	-
1784933815	48c230	RYS9HW	B738	-
1784933815	5084a6	MGH934	B77W	-
1784933815	4bc855	PGT398	A21N	-
1784933815	48c2b8	RYR47GU	B38M	-
1784933815	48b4f3	SPSMO	P208	-
1784933815	45ab4b	JTD378	B738	-
1784933815	461f48	FIN69	A359	-
1784933815	4b990c	FHY754	A320	-
1784933815	48e9f2	RYS4EP	B738	-
1784933815	508429	SEU7112	B738	-
1784933815	48c2ac	RYR2PE	B38M	-
1784933815	010282	LMU681	A321	-
1784933815	4bb852	PGT1581	A20N	-
1784933815	49d283	TVS2797	B738	-
1784933815	461f50	FIN131	A359	-
1784933815	4bb86a	PGT6272	A20N	-
1784933815	4ba8c3	TKJ633	B738	-
1784933815	4bc842	PGT386	A21N	-
1784933815	4acb03	NSZ4406	B738	-
1784933815	4aca64	SAS987	A359	-
1784933815	4bb84e	PGT445V	A20N	-
1784933815	4d2218	RYR1161	B738	-
1784933934	af3b69	SWORD02	-	-
1784934009	4d2433	WZZ80FA	A21N	-
1784934009	4ca739	RYR3VH	B738	-
1784934009	48c132	RYR6RE	B738	-
1784934009	48c2b3	RYR129	B38M	-
1784934009	af3b69	SWORD02	-	-
1784934009	4bc8ce	PGT7137	A21N	-
1784934009	4d2429	WZZ5HR	A320	-
1784934009	48ea4d	RYS7142	B738	-
1784934009	48c229	RYR4TE	B738	-
1784934009	48c139	RYR7HH	B738	-
1784934009	505ce6	SEU7831	B738	-
1784934009	010195	LMU736	A320	-
1784934009	502daa	BTI7RB	BCS3	-
1784934009	4baa4f	THY9YQ	A321	-
1784934009	46b8b2	AEE774	A20N	-
1784934009	48c230	RYS9HW	B738	-
1784934009	48c2b8	RYR47GU	B38M	-
1784934009	471d60	WZZ9596	A21N	-
1784934009	4caa57	RYR63WW	B738	-
1784934009	4891b3	ENT7169	B738	-
1784934009	010282	LMU681	A321	-
1784934009	48b4f3	SPSMO	P208	-
1784934009	4bc855	PGT398	A21N	-
1784934009	5084a6	MGH934	B77W	-
1784934009	45ab4b	JTD378	B738	-
1784934009	461f48	FIN69	A359	-
1784934009	508429	SEU7112	B738	-
1784934009	48c2ac	RYR2PE	B38M	-
1784934009	4bb86a	PGT6272	A20N	-
1784934009	4acb03	NSZ4406	B738	-
1784934009	461f50	FIN131	A359	-
1784934009	49d121	OKCDI	C152	-
1784934009	4ba8c3	TKJ633	B738	-
1784934009	4bc842	PGT386	A21N	-
1784934009	4b990c	FHY754	A320	-
1784934009	48c2a9	RYR2DL	B38M	-
1784934009	48e9f2	RYS4EP	B738	-
1784934009	4baa49	THY7CE	A321	-
1784934009	4bb84e	PGT445V	A20N	-
1784934009	4bb852	PGT1581	A20N	-
